LS2820 Bleed Blue Day and Date Functioning Steel Strap Adult Boys Analog Watch  - For Men,₹314,4.1
216-Brown Sporty look Designer Analog Watch  - For Men,₹217,4.1
2047-BL Day and Date Analog Watch  - For Men,₹314,4.1
LS2821 Bleed Blue Day and Date Functioning Strap Adult Quartz Analog Watch  - For Men,₹296,4
LCS-8049 DAY & DATE FUNCTIONING Analog Watch  - For Men,₹314,4.1
MK-2061W Analog Watch  - For Men,₹269,4
B-G5100-BK-BC Buccachi Round Black Dial Water Resistant Black Color Stainless Steel Bracelet Watch for Men/Boys Analog Watch  - For Men,₹341,3.9
Men's Steel Chain RB02 Silver Black New Stylis Men's All New looks Sports Design Steel Chain Analog Watch  - For Men,₹299,4.1
"NEW GENERATION DIGITAL NEW DIGITAL LED SPORTS Digital smart Watch Unique Arrow New Arrival Silicon Strap (S-SHOCK) (G90) DIGITAL STYLISH WATCHES FOR KIDS Digital Watch - For Men New Latest Red LED Illuminated Display LED,Digital Black Digital Watch Digital Watch  - For Men",₹299,4
Brand - A Digital Watch With Square LED Shockproof Multi-Functional Automatic Red Color Black Strap Waterproof Digital Sports Watch for Men's Kids Watch for Boys Watch for Men PACK OF 2 Digital Watch  - For Men,₹375,3.9
TW0TG7300 Analog Watch  - For Men,₹627,4.4
1195-WH White Unique Analog Watch  - For Men,₹239,4
43-Mate Blue Shined Casual Boys Designer Analog Watch  - For Men,₹210,4.1
CSD-326-BLK-1-BLK All Black Combo Set of Wayfarer Sunglass and Elegant Watch with Premium Gift Box Packaging Analog Watch  - For Men,₹331,4
SILVER DIAL ANALOG WATCH HT-GR811-BLK-CH Hybrid Watch - For Men Analog Watch  - For Men,₹314,3.9
ANLG-428-BROWN-BRWN All Brown Boys Series Analog Watch  - For Men,₹265,3.9
1384 Army Green Chronograph Digital Sports Digital Watch  - For Men,₹390,4.1
MK-2092W Lorenz Green-Black Dial Analog Watch  - For Men,₹314,4
New Black Dial Stainless Still Strap For Couple And Boys And Girls Analog Watch  - For Men,₹245,4
D&D C19 BLACK Latest Designer Black Color Watch With Day & Date Functioning Analogue Watch For Boys Analog Watch  - For Men,₹322,4
Brand - A Digital Watch Shockproof Multi-Functional Automatic Black Color Strap Waterproof Digital Sports Watch for Men's Kids Watch for Boys Watch for Men Water Resistance Digital Watch  - For Men,₹275,3.9
1692-Best Look 3 Pic Laether Belt Analog Watch For Men Combo For-Men Analog Watch  - For Men,₹379,3.8
TW0TG7304 Analog Watch  - For Men,₹711,4.4
 , , 
QTC-32 ORG BLACK DIAL AND BLACK CHAIN Analog Watch  - For Men,₹239,4
ANLG-428-BLACK-BROWN Midnight Black Dial and Caramel Brown Synthetic Leather Wrinkle-Free Strap Analog Watch  - For Men,₹235,3.9
FZ-WL03-LR05 Combo Of Tan Color Artificial Leather Wallet & Analog Watch  - For Men,₹369,4
1117 Grey Analog-Digital Analog-Digital Watch  - For Men,₹499,4.1
Steel Chain Sports Design Adjustable Length Blue Dial Analog Watch - For Men New Sport watch Avio Steel Chain Analog Watch - For Men Analog Watch  - For Men,₹319,4.1
AS000010E Analog Watch  - For Men,"₹1,365",4.3
77106SM04 Analog Watch  - For Men,₹999,4.3
BFW-267 NEW LETEST WATCH & BRACELET COMBO Analog Watch  - For Men,₹236,3.9
LS2971 New Day and Date Functioning Tan Strap Blue Dial Quartz Analog Watch  - For Men,₹305,4
LS2734 Wolf Gents Exclusive Mesh Strap Analog Analog Watch  - For Men,₹207,4.1
LCS-96142 Day And Date Functioning High Quality Analog Watch  - For Men,₹223,3.9
NEW GENERATION DIGITAL WATCH Digital Watch  - For Men,₹299,4
LCS-8189 DAY & DATE FUNCTIONING WATCH FOR BOYS Analog Watch  - For Men,₹314,4.2
ADRTYHGVCD156 Analog Watch - For Men Analog Watch  - For Men,₹269,4.1
77085PP03 Volt Analog Watch  - For Men,₹675,4.3
CH-012-Army Chorograph- L17 Light-Waterproof- Digital Watch  - For Men,₹220,4.2
