,,
 Mens Dual Time Automatic Mechanical Watch Rose Gold Black Dial Black Leather ,$68.95,69
 Men's Fashion Sport Watches Men Military Leather Band Quartz Wrist Watch,$14.99,66
 Invicta Men's Watch Pro Diver Quartz Blue Dial Two Tone Bracelet 26972,$59.95,"2,200"
 Wenger Men's Watch Roadster Racer Black Dial Brown Leather Strap 01.9041.221S,$59.98,16
 Invicta Men's Watch Pro Diver Japanese Quartz Blue Dial Silver Bracelet 35130,$64.99,146
 Wenger Men's Watch Avenue Sport Swiss Quartz Black Dial Nylon Strap 01.9041.220S,$59.98,29
 Seiko Prospex Men's Black Watch - SRPE27,,
 Luminox Men's Watch Sea Turtle Giant 0320 Quartz Black Rubber Strap 0321.BO,$199.98,268
 Omega Seamaster 2598.80.00 Blue Dial Automatic  Men's Watch,"$2,995.00",
 Men's Digital Sports Watch Large Dial Electronic Watch Waterproof Luminous Watch,,13
 Timex Viewpoint Blue Dial Watch AA3D81000,$18.70,
 Vintage New SWISS ARMY Men's Watch illuminating Dial New Battery Runs Great 40mm,,
 Stauer Armato 27615 Men's Watch Quartz Runs Bronze Tone,$49.95,
 Invicta Men's Watch Pro Diver Quartz Dive Blue Dial Silver Tone Bracelet 9204OB,$50.99,"3,800"
 Victorinox Swiss Army Maverick Men's Quartz Chronograph Black Strap Watch 241786,$189.99,203
 Fashion Business Mens Luxury Gold Tone Quartz Stainless Steel Wrist Watch New,$11.99,222
 Men's Sport  Army Multi-functional 2 Time Zones Dial Leather Quartz Wrist Watch,$17.99,332
 Victorinox Swiss Army Men's Watch I.N.O.X. Professional Diver White Strap 241811,$299.99,43
 Wenger Men's Watch Offroad Swiss Quartz Orange Dial Black Fabric Strap 79302,$84.98,14
 New Emporio Armani Grey Dial 43mm Brown Leather Men's Watch AR11175,$105.00,
" New Invicta Men's Watch Set 0395 With Tags, Never Worn!",$59.95,
 TIMEX Expedition  Quartz Men's Watch.,,
 Gv2 By Gevril Men's 3404 Triton Automatic Limited Edition Black Leather Watch,$449.00,10
 Men’s Robert Cox Multi Function Moon Phase Brushed Stainless Watch,$135.00,
 Vintage Parker Men's Swiss 17 Jewel Wristwatch - Working - Missing Crystal,$115.70,
 Shield Atlantis Automatic Black Abalone Dial Men's Watch SLDSH108-2,$349.99,
" MAURICE LACROIX ELIROS SWISS QUARTZ EL-1118-SS001-311-1 MENS DATE WATCH, 40mm",,
 Vintage Jules Jurgensen Men Gold Tone Analog Quartz Watch Hour~Day Date~New Batt,$69.99,
 Luminox Men's Watch Original Navy Seal Yellow Dial Black Rubber Strap 3005,$229.98,67
 Invicta Men's Watch Pro Diver Quartz Black Dial Yellow Two Tone Bracelet 26973,$56.78,595
 New Oris TT1 Day Date Black Dial Men's Watch 01 735 7752 4154-07 4 24 06FC,$672.49,6
" Men's Dress Watch Masterpiece M1362 Gold Bracelet Band, Mens Casual Watch",$59.99,
" Phylida homage watch, miyota automatic, sapphire crystal, Lumed Bezel",$99.00,
 Nemesis Mens Watch Wide Leather Cuff Band Japan ,,
 New Citizen Eco-Drive  Black Dial SS Men's Watch EM0031-56E,$360.00,
 New Bulova White Dial LTHR Strap Men's Watch 70296 ,$115.00,
 Vintage 11 AOACB Bulova Automatic Men's Watch Stainless & GF + JB Champion Band,$120.00,
 Eberle Mens Stainless Steel Watch with Burgandy Red Dial Rubber Band,$34.99,
 Men's Casual Stainless Steel Band Quartz Analog Round Wrist Watch Valentine Gift,$13.99,"1,783"
 Mens Bridge Manual Mechanical Watch - Rose Gold Black Leather Diasteria 1688,$114.95,30
 Jacques Edho Watch Paris Men's Round Analog Genuine Black Leather BNWT Vintage ,$67.85,
 INVICTA SUBAQUA 10488 STAINLESS STEEL 47MM AUTOMATIC MOVEMENT MEN'S WATCH IN BOX,,
 Dumont Saab Watch Gold Brown Mic Croc Leather Band Black Leather Box New,$74.95,
" Men's Dress Watch Masterpiece M1362 Gold Bracelet Band, Mens Casual Watch",$59.99,
" Men's Dress Watch Masterpiece M1374 Gold Bracelet Band, Mens Casual Watch",$59.99,
 Citizen Eco-Drive E101 Mens 100m Black Fabric Analog Quartz Watch Hours~Day Date,$47.99,
 Kenneth Cole Mens Ion Plated Stainless Steel KC3894 Multifunction Watch ,,
 Citizen Men's Watch Paradex Silver Dial Stainless Steel Bracelet BU3010-51H,$99.99,
 Eastman Deluxe Vintage Swiss Calendar Watch Day Date w/ Diver’s Band,$39.95,
 Seapro Defender Watch With Black Case Leather Band GMT Water Resistant ,,
 Luminox Tide 8902 Recycled Ocean Material Eco Watch | Blue,$539.00,
 Near Mint Blue Dial TAG Heuer Formula 1 Chronograph reference 570.513T with box!,,
 Invicta Men's Watch Pro Diver Quartz Blue Dial Silicone Rubber Strap 21522,$81.56,
 INC Men's Gray Camo Stainless Steel Mesh Bracelet Watch 45mm,,
 Oceanaut Armada Blue Back AD 111103 With Case Quartz Watch Water Resistant,,
 Enzo 17J Stainless Steel Vintage Swiss Men’s Watch,$49.95,
 Roamer Stingray III Swiss Made Mens Automatic Dress Watch Silver Dial $1600 NEW ,,
 Metropola G026RS Echelon watch w/stainless steel strap,$180.00,
 Veley Men Silver 50m Titan-Black Chronograph Analog Quartz Watch Hour~New Batter,$49.99,
 Invicta 10707 Men's Black Dial Leather Strap Chrono Dive Watch,$86.94,
 Invicta Men's Rare Bolt Reserve Swiss Chronograph Black Dial Leather Watch 80544,$229.00,
 Mens Minimalist Round Modern Fashion Brand Silicone Quartz Analog Wrist Watch,$17.95,12
 Armitron Blue Silver 20/4664SV 6P29 Japan WR65FT Men’s Watch Wristwatch,,
 Invicta Men's Subaqua Nitro Diver Chronograph Black Dial Watch 10049,$268.95,
 Stuhrling Aqua-Diver 3968 Swiss Quartz Men's Silver Bracelet Black Dial Watch,$79.99,496
 Mens Rose Gold Bridge Manual Mechanical Watch - Orange Leather DIASTERIA 1688,$114.95,22
